{"name":{"0":"Walmart Toronto Downsview Supercentre","1":"Walmart Thornhill Supercentre","2":"Walmart Toronto North York Store","3":"Walmart Toronto Agincourt Store","4":"Walmart Scarborough West Supercentre","5":"Walmart Richmond Hill South Supercentre","6":"Walmart Gerrard Square (Toronto) Store","7":"Walmart","8":"Walmart Supercentre","9":"Walmart Pharmacy","10":"Walmart Toronto (Sheridan Mall) Store","11":"Walmart Scarborough Town Centre Store","12":"Walmart Scarborough North East Supercentre","13":"Walmart Scarborough South Supercentre","14":"Walmart Grocery Pickup","15":"Vision Center At Walmart","16":"Walmart Pharmacy","17":"Walmart Grocery Pickup","18":"Walmart Grocery Pickup & Delivery - PenguinPickUp","19":"Walmart Pharmacy","20":"Walmart Pharmacy","21":"Walmart Grocery Pickup & Delivery - PenguinPickUp","22":"Walmart Grocery Pickup & Delivery - PenguinPickUp","23":"Walmart Grocery Pickup","24":"Walmart Pharmacy","25":"Walmart Morningside Scarborough Supercentre","26":"Walmart Pharmacy","27":"Walmart Pharmacy","28":"Walmart Pharmacy","29":"Walmart Pharmacy","30":"Walmart Pharmacy","31":"Walmart Pharmacy","32":"Walmart Vision Centre","33":"Walmart Vision Center","34":"Vision Center At Walmart","35":"Vision Center","36":"Walmart Grocery Pickup"},"0_x":{"0":43.757716,"1":43.8116354,"2":43.7085809,"3":43.7845425,"4":43.7283924,"5":43.8420421,"6":43.6686564,"7":43.6563043,"8":43.6679996,"9":43.811568,"10":43.7223034,"11":43.777151,"12":43.8337789,"13":43.7428002,"14":43.6564086,"15":43.7845051,"16":43.7425879,"17":43.7977895,"18":43.6451642,"19":43.7087792,"20":43.7221076,"21":43.642313,"22":43.6635827,"23":43.8420667,"24":43.7845349,"25":43.797836,"26":43.656326,"27":43.7771458,"28":43.8332607,"29":43.757883,"30":43.668642,"31":43.842067,"32":43.7083167,"33":43.7283414,"34":43.8116425,"35":43.656413,"36":43.6683927},"0_y":{"0":-79.4889703,"1":-79.4511384,"2":-79.473372,"3":-79.291226,"4":-79.2956522,"5":-79.4160122,"6":-79.3387215,"7":-79.4355037,"8":-79.4847488,"9":-79.4511777,"10":-79.511031,"11":-79.2586351,"12":-79.2557313,"13":-79.2237914,"14":-79.4355407,"15":-79.2913034,"16":-79.2230805,"17":-79.2008791,"18":-79.4024567,"19":-79.4739044,"20":-79.5115746,"21":-79.4243664,"22":-79.367474,"23":-79.4158803,"24":-79.2911455,"25":-79.2008255,"26":-79.43542,"27":-79.2582426,"28":-79.2551937,"29":-79.4884921,"30":-79.3387447,"31":-79.4160933,"32":-79.4740623,"33":-79.29582,"34":-79.4511651,"35":-79.4358725,"36":-79.4850005}}